{
  "project_info": {
    "project_number": "941668888849",
    "project_id": "smartdream-3d552",
    "storage_bucket": "smartdream-3d552.appspot.com"
  },
  "client": [
    {
      "client_info": {
        "mobilesdk_app_id": "1:941668888849:android:cdd29b2921eef7f02cdcb0",
        "android_client_info": {
          "package_name": "smartdream.app"
        }
      },
      "oauth_client": [],
      "api_key": [
        {
          "current_key": "AIzaSyAaq_ugDjz5ZZGjjIeWuqqmZyBRCR1qmks"
        }
      ],
      "services": {
        "appinvite_service": {
          "other_platform_oauth_client": []
        }
      }
    }
  ],
  "configuration_version": "1"
}
